City_ID,City,Country,Date,Lat,Lng,Max Temp,Humidity,Cloudiness,Wind Speed
0,Necochea,AR,2022-05-23 05:50:55,-38.5473,-58.7368,52.93,61,100,8.39
1,Hermanus,ZA,2022-05-23 05:47:04,-34.4187,19.2345,58.5,83,79,8.39
2,Punta Arenas,CL,2022-05-23 05:50:57,-53.15,-70.9167,32.11,86,75,10.36
3,Puro,PH,2022-05-23 05:50:58,12.4841,123.3827,86.99,64,94,3.49
4,Dourbali,TD,2022-05-23 05:50:59,11.8091,15.8632,88.47,14,48,10.94
5,Atuona,PF,2022-05-23 05:50:59,-9.8,-139.0333,79.23,73,16,18.86
6,Yukhnov,RU,2022-05-23 05:51:00,54.7444,35.2297,48.2,48,5,7.36
7,Avarua,CK,2022-05-23 05:51:00,-21.2078,-159.775,80.65,78,40,6.91
8,Ushuaia,AR,2022-05-23 05:50:10,-54.8,-68.3,35.26,60,0,8.05
9,Provideniya,RU,2022-05-23 05:51:01,64.3833,-173.3,53.37,58,0,8.99
10,Den Helder,NL,2022-05-23 05:51:01,52.9599,4.7593,60.98,78,100,10.0
11,Marsa Matruh,EG,2022-05-23 05:51:02,31.3525,27.2453,68.2,68,0,10.36
12,Bambous Virieux,MU,2022-05-23 05:51:02,-20.3428,57.7575,77.25,73,40,8.05
13,Vao,NC,2022-05-23 05:51:03,-22.6667,167.4833,71.51,82,30,23.8
14,Qaanaaq,GL,2022-05-23 05:51:04,77.484,-69.3632,30.09,87,100,8.39
15,Port Elizabeth,ZA,2022-05-23 05:51:04,-33.918,25.5701,50.29,93,0,1.14
16,Tasiilaq,GL,2022-05-23 05:47:13,65.6145,-37.6368,33.96,98,100,13.62
17,Qasigiannguit,GL,2022-05-23 05:51:06,68.8193,-51.1922,33.35,76,100,11.65
18,Ryzdvyanyy,RU,2022-05-23 05:51:06,45.2656,41.8389,57.9,89,100,9.98
19,Fortuna,US,2022-05-23 05:51:07,40.5982,-124.1573,51.93,93,100,4.61
20,Butaritari,KI,2022-05-23 05:48:15,3.0707,172.7902,82.38,79,89,14.29
21,Jamestown,US,2022-05-23 05:47:16,42.097,-79.2353,49.64,95,100,6.91
22,Bluff,NZ,2022-05-23 05:51:09,-46.6,168.3333,52.81,75,100,27.36
23,Turayf,SA,2022-05-23 05:51:09,31.6725,38.6637,61.05,77,0,20.71
24,Miraflores,MX,2022-05-23 05:51:10,19.2167,-98.8083,62.87,66,99,1.83
25,Samarai,PG,2022-05-23 05:51:11,-10.6167,150.6667,83.08,73,18,9.64
26,Santa Maria,BR,2022-05-23 05:50:00,-29.6842,-53.8069,49.82,93,0,2.62
27,Mount Gambier,AU,2022-05-23 05:49:32,-37.8333,140.7667,64.13,52,3,3.78
28,Barrow,US,2022-05-23 05:49:01,71.2906,-156.7887,23.02,86,100,11.5
29,Souillac,MU,2022-05-23 05:51:12,-20.5167,57.5167,77.38,73,40,8.05
30,Busselton,AU,2022-05-23 05:51:12,-33.65,115.3333,61.05,75,96,25.01
31,Dikson,RU,2022-05-23 05:51:13,73.5069,80.5464,26.46,78,93,12.73
32,Didwana,IN,2022-05-23 05:51:13,27.4,74.5667,95.79,37,32,21.97
33,Chuy,UY,2022-05-23 05:47:43,-33.6971,-53.4616,50.77,91,24,5.06
34,Mataura,NZ,2022-05-23 05:51:14,-46.1927,168.8643,52.48,79,86,9.15
35,Longyearbyen,SJ,2022-05-23 05:51:15,78.2186,15.6401,35.44,87,75,3.44
36,Cape Town,ZA,2022-05-23 05:48:04,-33.9258,18.4232,60.39,89,0,5.75
37,Saint-Philippe,RE,2022-05-23 05:51:15,-21.3585,55.7679,78.39,76,21,11.41
38,Barentu,ER,2022-05-23 05:51:16,15.1139,37.5928,87.85,30,7,8.59
39,Asau,RO,2022-05-23 05:51:16,46.4333,26.4,52.72,87,95,2.39
40,Tuatapere,NZ,2022-05-23 05:50:52,-46.1333,167.6833,50.2,77,64,10.29
41,Talnakh,RU,2022-05-23 05:51:17,69.4865,88.3972,34.21,94,100,2.04
42,Port Alfred,ZA,2022-05-23 05:51:04,-33.5906,26.891,60.96,70,68,6.38
43,Rikitea,PF,2022-05-23 05:52:18,-23.1203,-134.9692,75.83,77,68,15.79
44,Namibe,AO,2022-05-23 05:49:37,-15.1961,12.1522,69.42,60,2,3.4
45,Sabalgarh,IN,2022-05-23 05:52:18,26.25,77.4,103.37,28,0,13.76
46,Senador Guiomard,BR,2022-05-23 05:52:19,-10.1522,-67.7392,69.55,72,100,2.71
47,Kenai,US,2022-05-23 05:52:20,60.5544,-151.2583,62.69,25,0,10.36
48,Norman Wells,CA,2022-05-23 05:52:20,65.282,-126.8329,41.04,81,75,2.3
49,Bethel,US,2022-05-23 05:52:21,41.3712,-73.414,68.09,83,40,5.75
50,Albany,US,2022-05-23 05:47:23,42.6001,-73.9662,57.63,83,98,5.01
51,Deputatskiy,RU,2022-05-23 05:52:22,69.3,139.9,34.41,90,41,2.73
52,San Cristobal,VE,2022-05-23 05:52:22,7.7669,-72.225,71.78,90,12,2.95
53,Antsohihy,MG,2022-05-23 05:52:23,-14.8796,47.9875,81.54,50,36,6.44
54,Tolaga Bay,NZ,2022-05-23 05:52:23,-38.3667,178.3,53.4,83,5,7.43
55,Rio Grande,BR,2022-05-23 05:52:25,-32.035,-52.0986,55.87,88,24,8.21
56,Ketchikan,US,2022-05-23 05:52:26,55.3422,-131.6461,46.87,93,100,5.75
57,Yellowknife,CA,2022-05-23 05:52:27,62.456,-114.3525,34.32,75,75,4.61
58,Constitucion,CL,2022-05-23 05:52:28,-35.3333,-72.4167,51.35,93,100,8.34
59,Palu,ID,2022-05-23 05:52:28,-0.8917,119.8707,77.95,95,95,1.88
60,Puerto Ayora,EC,2022-05-23 05:52:29,-0.7393,-90.3518,72.55,94,54,5.35
61,Torbay,CA,2022-05-23 05:52:30,47.6666,-52.7314,52.75,59,100,19.57
62,Kholodnyy,RU,2022-05-23 05:52:30,62.7167,147.95,37.36,99,100,2.91
63,Ahome,MX,2022-05-23 05:52:31,25.9167,-109.1833,70.5,66,1,3.71
64,Saint-Augustin,CA,2022-05-23 05:52:31,51.226,-58.6502,48.25,98,100,13.58
65,Margate,GB,2022-05-23 05:52:32,51.3813,1.3862,56.7,90,99,1.01
66,Geraldton,AU,2022-05-23 05:52:32,-28.7667,114.6,66.61,68,75,32.21
67,Vaini,TO,2022-05-23 05:52:33,-21.2,-175.2,78.96,94,75,4.61
68,Minas Novas,BR,2022-05-23 05:52:33,-17.2186,-42.5903,53.51,96,1,2.24
69,Bredasdorp,ZA,2022-05-23 05:52:34,-34.5322,20.0403,53.83,87,62,4.27
70,Ringebu,NO,2022-05-23 05:52:34,61.5167,10.1667,47.77,94,100,8.37
71,Saskylakh,RU,2022-05-23 05:52:34,71.9167,114.0833,33.49,95,100,9.15
72,Hobart,AU,2022-05-23 05:50:38,-42.8794,147.3294,58.26,69,20,4.61
73,Ribeira Grande,PT,2022-05-23 05:52:36,38.5167,-28.7,63.97,94,100,4.5
74,Nsoko,SZ,2022-05-23 05:52:36,-27.0333,31.95,61.86,95,100,4.97
75,Lufilufi,WS,2022-05-23 05:52:37,-13.8745,-171.5986,80.38,72,42,18.01
76,Ivanava,BY,2022-05-23 05:52:38,52.1451,25.5365,52.59,79,90,7.78
77,Zhigansk,RU,2022-05-23 05:52:38,66.7697,123.3711,52.48,49,90,7.38
78,Dolzhanskaya,RU,2022-05-23 05:52:39,46.6311,37.8039,55.13,77,16,12.8
79,Mopipi,BW,2022-05-23 05:52:39,-21.1833,24.8833,50.58,58,0,6.38
80,Artyom,AZ,2022-05-23 05:52:40,40.4723,50.333,68.14,63,86,17.74
81,Nikolskoye,RU,2022-05-23 05:52:41,59.7035,30.7861,53.49,41,80,6.35
82,Sala,MA,2022-05-23 05:51:17,34.0389,-6.8166,65.08,77,75,4.61
83,Kavieng,PG,2022-05-23 05:51:48,-2.5744,150.7967,85.26,64,40,14.38
84,Vestmannaeyjar,IS,2022-05-23 05:52:42,63.4427,-20.2734,48.27,86,3,8.84
85,Nemuro,JP,2022-05-23 05:52:43,43.3236,145.575,47.17,90,100,8.59
86,Razole,IN,2022-05-23 05:52:43,16.4833,81.8333,106.32,23,41,8.43
87,Sao Filipe,CV,2022-05-23 05:48:27,14.8961,-24.4956,70.57,73,8,6.85
88,Kapaa,US,2022-05-23 05:53:45,22.0752,-159.319,78.78,85,18,1.99
89,Alyangula,AU,2022-05-23 05:53:46,-13.8483,136.4192,83.48,63,97,15.84
90,Hithadhoo,MV,2022-05-23 05:53:47,-0.6,73.0833,83.39,74,100,10.0
91,Clyde River,CA,2022-05-23 05:53:47,70.4692,-68.5914,19.63,79,100,5.75
92,Appleton,US,2022-05-23 05:52:50,44.2619,-88.4154,49.6,66,100,5.75
93,Porto Novo,BJ,2022-05-23 05:49:38,6.4965,2.6036,76.82,91,91,3.44
94,Krasnoselkup,RU,2022-05-23 05:53:49,65.7,82.4667,66.43,38,51,17.13
95,Pangnirtung,CA,2022-05-23 05:53:49,66.1451,-65.7125,17.26,96,100,7.47
96,Culfa,AZ,2022-05-23 05:53:50,38.9558,45.6308,75.07,35,100,5.06
97,Port Macquarie,AU,2022-05-23 05:53:50,-31.4333,152.9167,63.9,82,93,6.69
98,Sakaiminato,JP,2022-05-23 05:53:51,35.55,133.2333,76.93,64,20,12.66
99,Port-Cartier,CA,2022-05-23 05:52:05,50.0334,-66.8654,46.62,84,100,15.3
100,Airai,TL,2022-05-23 05:53:52,-8.9266,125.4092,71.8,54,35,4.99
101,Atasu,KZ,2022-05-23 05:53:52,48.6814,71.6433,65.73,21,0,10.18
102,New Norfolk,AU,2022-05-23 05:53:53,-42.7826,147.0587,57.92,74,8,0.65
103,Georgetown,MY,2022-05-23 05:53:53,5.4112,100.3354,89.55,70,20,7.0
104,Kruisfontein,ZA,2022-05-23 05:53:54,-34.0033,24.7314,55.94,67,80,3.62
105,Anadyr,RU,2022-05-23 05:53:54,64.75,177.4833,55.9,54,0,8.95
106,Khatanga,RU,2022-05-23 05:53:55,71.9667,102.5,34.59,66,93,14.92
107,Spokane,US,2022-05-23 05:50:00,47.6166,-117.3677,55.49,54,0,10.36
108,Wuda,CN,2022-05-23 05:53:56,39.4994,106.7117,84.16,17,10,1.52
109,Malakal,SS,2022-05-23 05:53:57,9.5334,31.6605,85.73,47,76,3.65
110,Yeppoon,AU,2022-05-23 05:53:57,-23.1333,150.7333,69.58,88,97,16.69
111,Saldanha,ZA,2022-05-23 05:53:57,-33.0117,17.9442,46.45,88,99,1.74
112,Castro,BR,2022-05-23 05:53:58,-24.7911,-50.0119,47.66,84,99,2.8
113,Port Lincoln,AU,2022-05-23 05:53:58,-34.7333,135.8667,65.77,67,14,14.27
114,Alofi,NU,2022-05-23 05:53:59,-19.0595,-169.9187,78.69,83,75,5.75
115,Derzhavinsk,KZ,2022-05-23 05:52:52,51.1,66.3167,64.69,50,100,28.92
116,Vostok,RU,2022-05-23 05:54:00,46.4856,135.8833,63.79,46,73,5.53
117,Newcastle,AU,2022-05-23 05:54:00,-32.9272,151.7765,64.71,88,75,8.05
118,Prainha,BR,2022-05-23 05:54:00,-1.8,-53.48,74.95,84,97,1.77
119,Port Hawkesbury,CA,2022-05-23 05:54:01,45.6169,-61.3485,60.75,99,100,13.8
120,Ocampo,MX,2022-05-23 05:54:02,21.65,-101.5,60.1,80,46,11.7
121,Thompson,CA,2022-05-23 05:51:25,55.7435,-97.8558,41.16,60,75,3.44
122,Lebu,CL,2022-05-23 05:54:02,-37.6167,-73.65,47.5,80,100,2.17
123,Hamilton,US,2022-05-23 05:52:30,39.1834,-84.5333,57.9,58,100,4.0
124,Rasht,IR,2022-05-23 05:54:03,37.2808,49.5832,67.82,100,20,0.0
125,Mahebourg,MU,2022-05-23 05:54:04,-20.4081,57.7,77.29,73,40,8.05
126,Cidreira,BR,2022-05-23 05:54:04,-30.1811,-50.2056,58.03,82,68,5.35
127,Tuktoyaktuk,CA,2022-05-23 05:54:05,69.4541,-133.0374,17.6,86,100,13.8
128,Dongli,CN,2022-05-23 05:54:05,23.5656,116.8194,80.58,69,100,6.71
129,Mareeba,AU,2022-05-23 05:54:07,-17.0,145.4333,79.45,74,64,4.65
130,Kijang,KR,2022-05-23 05:54:07,35.2442,129.2139,78.53,61,70,9.62
131,Hasaki,JP,2022-05-23 05:55:08,35.7333,140.8333,72.28,71,52,11.48
132,Honiara,SB,2022-05-23 05:55:08,-9.4333,159.95,82.78,78,49,0.63
133,Ancud,CL,2022-05-23 05:55:09,-41.8697,-73.8203,48.31,79,87,19.28
134,East London,ZA,2022-05-23 05:55:10,-33.0153,27.9116,54.54,100,0,5.75
135,Ilorin,NG,2022-05-23 05:55:10,8.5,4.55,75.56,94,20,4.61
136,Uyemskiy,RU,2022-05-23 05:55:11,64.4743,40.8524,35.65,64,75,15.66
137,Esperance,AU,2022-05-23 05:55:11,-33.8667,121.9,70.74,47,45,9.82
138,Lekoni,GA,2022-05-23 05:55:12,-1.5843,14.2591,70.84,90,99,5.57
139,Nogliki,RU,2022-05-23 05:55:13,51.8333,143.1667,36.79,80,93,8.72
140,Gogrial,SS,2022-05-23 05:55:13,8.5332,28.1004,86.16,48,98,2.15
141,Saint George,US,2022-05-23 05:55:14,37.1041,-113.5841,73.99,17,0,3.0
142,Koumac,NC,2022-05-23 05:55:15,-20.5667,164.2833,76.57,75,57,14.88
143,Petropavlovka,RU,2022-05-23 05:55:16,50.6114,105.3196,63.36,57,99,6.26
144,Khandbari,NP,2022-05-23 05:55:16,27.3747,87.2039,82.51,44,45,6.06
145,Gouyave,GD,2022-05-23 05:55:17,12.1646,-61.7296,78.55,79,100,14.32
146,Fereydun Kenar,IR,2022-05-23 05:55:17,36.6864,52.5225,71.82,68,0,0.0
147,Burevestnik,RU,2022-05-23 05:55:18,56.144,43.7883,38.95,56,100,11.18
148,Malyye Derbety,RU,2022-05-23 05:55:18,47.9547,44.6808,61.95,61,34,15.97
149,Anaconda,US,2022-05-23 05:55:19,46.1285,-112.9423,34.99,73,54,4.72
150,Kavarna,BG,2022-05-23 05:55:19,43.4333,28.3333,62.28,76,75,11.5
151,Virtsu,EE,2022-05-23 05:55:20,58.5716,23.5115,53.98,39,100,5.01
152,Severo-Kurilsk,RU,2022-05-23 05:55:20,50.6789,156.125,41.49,97,100,15.01
153,Lakatoro,VU,2022-05-23 05:55:21,-16.0999,167.4164,81.81,76,25,2.89
154,Grand Gaube,MU,2022-05-23 05:55:21,-20.0064,57.6608,77.4,76,1,1.99
155,Yenagoa,NG,2022-05-23 05:55:22,4.9247,6.2642,75.38,93,100,2.13
156,Port Blair,IN,2022-05-23 05:54:27,11.6667,92.75,77.04,100,100,5.75
157,La Ronge,CA,2022-05-23 05:55:24,55.1001,-105.2842,53.85,37,75,5.75
158,Houma,US,2022-05-23 05:55:24,29.5958,-90.7195,73.99,93,100,8.05
159,Kahului,US,2022-05-23 05:51:38,20.8947,-156.47,78.82,72,20,18.41
160,Iqaluit,CA,2022-05-23 05:55:25,63.7506,-68.5145,19.13,73,100,21.85
161,Kavaratti,IN,2022-05-23 05:55:25,10.5669,72.642,83.28,79,100,18.19
162,Faanui,PF,2022-05-23 05:55:26,-16.4833,-151.75,81.03,69,13,15.5
163,Santiago Del Estero,AR,2022-05-23 05:55:27,-27.7951,-64.2615,56.23,65,2,8.79
164,Mar Del Plata,AR,2022-05-23 05:53:45,-38.0023,-57.5575,52.95,84,0,8.05
165,Arnaia,GR,2022-05-23 05:53:55,40.4865,23.5954,71.89,55,9,1.9
166,Kaitangata,NZ,2022-05-23 05:55:28,-46.2817,169.8464,51.3,74,100,16.37
167,Listvyanskiy,RU,2022-05-23 05:55:28,54.4399,83.4984,63.32,33,83,10.56
168,Zyryanka,RU,2022-05-23 05:55:29,65.75,150.85,57.94,39,100,16.49
169,Sistranda,NO,2022-05-23 05:55:29,63.7256,8.834,53.56,83,100,11.14
170,Pont-Rouge,CA,2022-05-23 05:52:29,46.7566,-71.6978,49.69,86,92,9.22
171,Namatanai,PG,2022-05-23 05:55:30,-3.6667,152.4333,84.36,65,34,10.74
172,Labuhan,ID,2022-05-23 05:55:30,-6.8844,112.2051,87.85,61,37,13.02
173,Riyadh,SA,2022-05-23 05:55:31,24.6877,46.7219,95.14,6,0,15.03
174,Avera,US,2022-05-23 05:55:31,33.194,-82.5271,71.65,92,100,5.61
175,Victoria,HK,2022-05-23 05:52:52,22.2855,114.1577,83.97,86,97,15.01
176,Preobrazheniye,RU,2022-05-23 05:56:33,42.9019,133.9064,54.27,76,64,6.71
177,Imbituba,BR,2022-05-23 05:54:51,-28.24,-48.6703,58.86,99,100,5.95
178,Fairbanks,US,2022-05-23 05:56:34,64.8378,-147.7164,59.59,33,0,14.97
179,Arraial Do Cabo,BR,2022-05-23 05:56:34,-22.9661,-42.0278,70.09,74,5,14.97
180,Karlstad,SE,2022-05-23 05:56:34,59.3793,13.5036,48.76,79,100,3.44
181,Inverell,AU,2022-05-23 05:56:35,-29.7833,151.1167,57.16,71,88,1.99
182,Goderich,CA,2022-05-23 05:56:26,43.7501,-81.7165,44.92,81,99,4.61
183,Carnarvon,AU,2022-05-23 05:56:36,-24.8667,113.6333,73.31,53,7,17.81
184,Roald,NO,2022-05-23 05:56:36,62.5833,6.1333,59.92,62,20,5.75
185,Albacete,ES,2022-05-23 05:56:37,38.8333,-2.0,56.21,82,0,6.91
186,Aksu,CN,2022-05-23 05:56:37,41.1231,80.2644,87.21,11,100,14.83
187,Tripoli,LY,2022-05-23 05:56:39,32.8752,13.1875,74.25,32,0,2.84
188,Skole,UA,2022-05-23 05:56:39,49.0372,23.5135,49.53,81,83,4.7
189,Sabang,ID,2022-05-23 05:53:07,5.8933,95.3214,83.84,76,98,21.5
190,Hilo,US,2022-05-23 05:56:40,19.7297,-155.09,74.28,88,100,8.05
191,Troitsko-Pechorsk,RU,2022-05-23 05:56:41,62.7084,56.1964,37.08,87,100,8.05
192,Conceicao Da Barra,BR,2022-05-23 05:56:42,-18.5933,-39.7322,66.78,84,43,3.78
193,Verkhoyansk,RU,2022-05-23 05:56:42,67.5447,133.385,52.05,52,89,8.43
194,Linguere,SN,2022-05-23 05:56:43,15.3953,-15.1193,66.96,82,6,8.03
195,Black River,JM,2022-05-23 05:56:44,18.0264,-77.8487,75.6,81,93,3.83
196,La Ciotat,FR,2022-05-23 05:56:44,43.1748,5.6045,70.79,73,48,13.98
197,Shimoda,JP,2022-05-23 05:52:58,34.6667,138.95,71.96,68,39,9.66
198,Egvekinot,RU,2022-05-23 05:56:45,66.3167,-179.1667,50.43,44,92,2.75
199,Gravdal,NO,2022-05-23 05:56:45,68.1214,13.5031,51.69,87,20,2.3
200,Havoysund,NO,2022-05-23 05:54:11,70.9963,24.6622,44.83,77,18,2.33
201,Flinders,AU,2022-05-23 05:56:46,-34.5833,150.8552,62.38,86,98,4.54
202,Policka,CZ,2022-05-23 05:56:46,49.7146,16.2654,56.64,76,46,6.44
203,Manzhouli,CN,2022-05-23 05:56:47,49.6,117.4333,64.83,45,98,14.18
204,Tiznit,MA,2022-05-23 05:56:48,29.5833,-9.5,70.16,55,18,0.65
205,Maniitsoq,GL,2022-05-23 05:56:48,65.4167,-52.9,31.8,97,100,34.4
206,Manokwari,ID,2022-05-23 05:56:49,-0.8667,134.0833,83.21,73,52,8.88
207,Upernavik,GL,2022-05-23 05:56:50,72.7868,-56.1549,32.52,74,99,20.11
208,Nome,US,2022-05-23 05:56:51,64.5011,-165.4064,60.17,43,95,4.79
209,Pudozh,RU,2022-05-23 05:56:52,61.8099,36.5345,41.34,48,72,10.83
210,Makakilo City,US,2022-05-23 05:56:53,21.3469,-158.0858,75.0,80,7,15.41
211,Karakol,KG,2022-05-23 05:56:54,42.4907,78.3936,54.55,67,97,3.38
212,Kodiak,US,2022-05-23 05:56:54,57.79,-152.4072,44.11,87,100,13.8
213,Bridlington,GB,2022-05-23 05:56:55,54.0831,-0.1919,56.89,92,100,6.29
214,San Patricio,US,2022-05-23 05:56:56,28.017,-97.5169,78.85,85,18,4.79
215,Mayumba,GA,2022-05-23 05:56:56,-3.432,10.6554,74.8,82,98,7.74
216,Dharchula,IN,2022-05-23 05:56:57,29.85,80.5333,76.68,48,80,1.74
217,Saint Anthony,US,2022-05-23 05:56:26,45.0205,-93.218,49.03,67,0,3.44
218,Takoradi,GH,2022-05-23 05:56:58,4.8845,-1.7554,73.47,92,90,7.11
219,Uruzgan,AF,2022-05-23 05:56:58,32.8333,66.0,70.88,10,0,3.89
220,Santa Fe,AR,2022-05-23 05:57:26,-31.6333,-60.7,57.99,86,52,5.01
221,Coquimbo,CL,2022-05-23 05:57:59,-29.9533,-71.3436,53.33,93,0,8.05
222,Sukumo,JP,2022-05-23 05:58:00,32.9333,132.7333,74.8,59,100,5.39
223,Ponta Do Sol,PT,2022-05-23 05:58:00,32.6667,-17.1,65.71,73,29,5.32
224,Energetik,RU,2022-05-23 05:58:01,51.7445,58.7934,57.42,85,100,23.87
225,Sorland,NO,2022-05-23 05:58:01,67.667,12.6934,44.46,91,90,13.47
226,Ishigaki,JP,2022-05-23 05:58:02,24.3448,124.1572,82.53,89,75,14.97
227,Hervey Bay,AU,2022-05-23 05:58:03,-25.2986,152.8535,72.01,78,100,5.01
228,Los Llanos De Aridane,ES,2022-05-23 05:54:24,28.6585,-17.9182,65.95,80,100,18.41
229,Bukachacha,RU,2022-05-23 05:58:04,52.9833,116.9167,59.97,36,92,9.51
230,Thap Than,TH,2022-05-23 05:58:04,15.4606,99.8917,93.29,49,75,7.38
231,Muros,ES,2022-05-23 05:56:07,42.7762,-9.0603,58.08,93,94,4.79
232,Okato,NZ,2022-05-23 05:58:05,-39.2,173.8833,51.91,100,18,4.81
233,Sint-Pieters-Leeuw,BE,2022-05-23 05:58:06,50.7896,4.2475,61.63,92,95,3.29
234,Progreso,MX,2022-05-23 05:55:50,21.2833,-89.6667,82.11,78,100,15.03
235,Maraba,BR,2022-05-23 05:58:06,-5.3686,-49.1178,75.38,100,75,0.0
236,Haines Junction,CA,2022-05-23 05:58:07,60.7522,-137.5108,51.75,35,100,10.36
237,Alugan,PH,2022-05-23 05:58:07,12.2188,125.4808,84.88,70,75,11.56
238,La Macarena,CO,2022-05-23 05:58:07,2.1837,-73.7849,70.92,99,92,2.68
239,Poum,NC,2022-05-23 05:58:08,-20.2333,164.0167,76.78,76,26,22.32
240,Shreveport,US,2022-05-23 05:56:59,32.5251,-93.7502,65.14,85,100,1.01
241,Lahore,PK,2022-05-23 05:55:40,31.5497,74.3436,82.38,44,75,23.02
242,Podgornoye,RU,2022-05-23 05:58:09,51.735,39.1496,46.62,66,0,8.95
243,Yaan,NG,2022-05-23 05:58:09,7.3833,8.5667,74.01,93,100,5.86
244,Leningradskiy,RU,2022-05-23 05:58:10,69.3833,178.4167,36.32,94,47,2.15
245,Ugoofaaru,MV,2022-05-23 05:58:10,5.6667,73.0,83.97,77,67,14.09
246,Salalah,OM,2022-05-23 05:58:11,17.0151,54.0924,87.44,64,28,9.24
247,Buchanan,LR,2022-05-23 05:58:12,5.8808,-10.0467,75.65,92,100,8.21
248,Kensington,AU,2022-05-23 05:58:13,-33.9167,151.2167,63.3,85,75,5.75
249,Mayaky,UA,2022-05-23 05:58:13,47.4408,29.5599,50.61,78,94,10.83
250,Romny,UA,2022-05-23 05:58:14,50.751,33.4747,52.02,71,60,5.08
251,Marfino,RU,2022-05-23 05:58:14,55.7028,37.3822,47.95,48,0,15.66
252,Yar-Sale,RU,2022-05-23 05:58:15,66.8333,70.8333,45.72,77,85,28.59
253,Nanortalik,GL,2022-05-23 05:58:16,60.1432,-45.2371,33.87,91,73,10.33
254,Inhambane,MZ,2022-05-23 05:58:17,-23.865,35.3833,64.38,100,75,14.97
255,Abadan,IR,2022-05-23 05:58:17,30.3392,48.3043,91.35,25,0,4.61
256,Husavik,IS,2022-05-23 05:58:18,66.0449,-17.3389,37.72,95,100,3.33
257,Narsaq,GL,2022-05-23 05:58:19,60.9167,-46.05,28.04,93,77,1.63
258,Tual,ID,2022-05-23 05:58:20,-5.6667,132.75,83.23,75,13,11.14
259,Kidal,ML,2022-05-23 05:58:21,18.4411,1.4078,82.13,37,72,8.16
260,Te Anau,NZ,2022-05-23 05:58:22,-45.4167,167.7167,44.01,86,10,3.24
261,Copiapo,CL,2022-05-23 05:57:31,-27.3667,-70.3333,51.49,47,78,1.05
262,Plettenberg Bay,ZA,2022-05-23 05:58:23,-34.0527,23.3716,59.02,59,69,1.01
263,Meadville,US,2022-05-23 05:58:24,41.6414,-80.1515,48.87,98,48,5.66
264,Pevek,RU,2022-05-23 05:58:24,69.7008,170.3133,37.65,89,86,6.64
265,Sinop,TR,2022-05-23 05:59:25,41.7711,34.8709,58.42,62,80,6.17
266,Florianopolis,BR,2022-05-23 05:59:14,-27.6146,-48.5012,58.69,93,75,5.75
267,Komsomolskiy,UZ,2022-05-23 05:59:27,40.4272,71.7189,61.52,51,99,9.22
268,Nurobod,UZ,2022-05-23 05:59:27,40.9056,69.8023,64.92,52,86,4.5
269,Olafsvik,IS,2022-05-23 05:59:28,64.8945,-23.7142,40.53,74,3,8.14
270,Maroantsetra,MG,2022-05-23 05:59:28,-15.4333,49.7333,75.43,82,84,4.5
271,Espana,PH,2022-05-23 05:59:29,12.3841,122.499,85.64,68,80,4.81
272,Kemijarvi,FI,2022-05-23 05:59:29,66.7131,27.4306,43.29,82,95,6.89
273,Okhotsk,RU,2022-05-23 05:59:30,59.3833,143.3,37.99,83,81,10.07
274,Ratnagiri,IN,2022-05-23 05:59:31,16.9833,73.3,87.98,69,9,11.32
275,Pak Phanang,TH,2022-05-23 05:59:31,8.3511,100.202,95.04,57,99,5.5
276,Tuni,IN,2022-05-23 05:59:32,17.35,82.55,103.8,28,43,7.43
277,Melbu,NO,2022-05-23 05:59:33,68.5044,14.8297,49.78,80,64,5.3
278,Ust-Kut,RU,2022-05-23 05:59:34,56.7938,105.7672,63.9,34,45,5.44
279,Vanimo,PG,2022-05-23 05:59:35,-2.6741,141.3028,84.78,70,84,9.44
280,Kibala,TD,2022-05-23 05:59:36,9.1104,18.3463,76.95,61,20,25.32
281,Bembereke,BJ,2022-05-23 05:59:36,10.2283,2.6634,72.37,88,99,3.56
282,Nha Trang,VN,2022-05-23 05:56:43,12.25,109.1833,93.2,71,100,4.56
283,Adrar,MR,2022-05-23 05:59:37,20.5022,-10.0711,83.82,20,63,4.74
284,San Juan,AR,2022-05-23 05:57:41,-31.5375,-68.5364,55.27,37,5,5.26
285,Pangai,TO,2022-05-23 05:59:38,-19.8,-174.35,78.91,78,40,3.44
286,Verkhnevilyuysk,RU,2022-05-23 05:59:39,63.4453,120.3167,66.0,31,71,6.13
287,Vatra Dornei,RO,2022-05-23 05:59:42,47.35,25.3667,46.56,89,85,3.31
288,Lorengau,PG,2022-05-23 05:59:44,-2.0226,147.2712,85.28,65,97,11.7
289,Cobija,BO,2022-05-23 05:59:47,-11.0267,-68.7692,73.8,79,98,0.67
290,Taywarah,AF,2022-05-23 05:59:48,33.35,64.4167,59.81,8,0,5.08
291,Cherskiy,RU,2022-05-23 05:59:49,68.75,161.3,59.09,32,98,14.38
292,Chapais,CA,2022-05-23 05:59:52,49.7834,-74.8492,33.58,96,27,4.5
293,Ilulissat,GL,2022-05-23 05:59:53,69.2167,-51.1,32.13,84,100,9.78
294,Batticaloa,LK,2022-05-23 05:59:54,7.7102,81.6924,91.49,50,58,4.41
295,Dubbo,AU,2022-05-23 05:58:05,-32.25,148.6167,68.13,45,40,13.8
296,Port Hardy,CA,2022-05-23 05:56:29,50.6996,-127.4199,51.98,82,100,3.44
297,Aklavik,CA,2022-05-23 05:59:55,68.2191,-135.0107,31.33,78,98,10.36
298,Nelson Bay,AU,2022-05-23 05:59:57,-32.7167,152.15,64.0,96,97,1.01
299,Nishihara,JP,2022-05-23 05:59:57,26.1842,127.7558,76.28,73,75,16.11
300,Soyo,AO,2022-05-23 05:59:58,-6.1349,12.3689,74.07,80,92,4.9
301,Tahta,EG,2022-05-23 05:59:58,26.7693,31.5021,75.43,30,0,9.35
302,Jurmala,LV,2022-05-23 05:59:59,56.968,23.7704,53.62,43,0,1.14
303,Isangel,VU,2022-05-23 05:59:59,-19.55,169.2667,78.26,83,35,7.83
304,Clinton,US,2022-05-23 05:56:29,42.587,-82.9199,51.94,77,100,5.75
305,Ahipara,NZ,2022-05-23 06:00:00,-35.1667,173.1667,57.88,66,100,7.54
306,Kamina,CD,2022-05-23 06:00:00,-8.7386,24.9906,65.88,69,96,5.26
307,Kieta,PG,2022-05-23 06:00:01,-6.2167,155.6333,83.16,73,30,3.44
308,Imeni Poliny Osipenko,RU,2022-05-23 06:00:03,52.4201,136.4853,43.86,87,100,4.36
309,Valparaiso,CL,2022-05-23 06:00:05,-33.0393,-71.6273,57.47,66,0,2.3
310,Wajima,JP,2022-05-23 06:01:14,37.4,136.9,64.36,69,2,7.29
311,Lasa,IT,2022-05-23 06:01:21,46.6166,10.7002,59.68,63,88,2.51
312,Ballina,AU,2022-05-23 06:01:28,-28.8667,153.5667,62.78,78,98,12.39
313,Bathsheba,BB,2022-05-23 06:01:34,13.2167,-59.5167,78.4,77,94,14.43
314,Orativ,UA,2022-05-23 06:01:38,49.1889,29.527,51.24,83,100,5.68
315,Mehran,IR,2022-05-23 06:01:46,33.1222,46.1646,94.86,10,73,11.03
316,Carsamba,TR,2022-05-23 06:01:52,41.1989,36.7219,62.35,72,75,2.3
317,Benguela,AO,2022-05-23 06:01:56,-12.5763,13.4055,70.21,66,5,3.4
318,Launceston,AU,2022-05-23 06:02:02,-41.45,147.1667,56.84,62,66,5.75
319,Devils Lake,US,2022-05-23 06:02:05,48.1128,-98.8651,47.95,64,37,5.01
320,Pirai,BR,2022-05-23 06:02:06,-22.6292,-43.8981,53.22,95,0,3.02
321,Rio Cuarto,AR,2022-05-23 06:00:42,-33.1307,-64.3499,54.48,64,91,4.9
322,Puerto Carreno,CO,2022-05-23 06:02:07,6.189,-67.4859,75.83,87,99,3.27
323,Palestine,PS,2022-05-23 06:02:07,31.9216,35.2033,63.82,82,57,22.66
324,Sitka,US,2022-05-23 06:02:08,57.0531,-135.33,48.16,88,100,1.88
325,Wajir,KE,2022-05-23 06:02:09,1.7471,40.0573,80.78,57,13,16.62
326,Galle,LK,2022-05-23 06:02:10,6.0367,80.217,84.02,76,93,14.07
327,Bowen,AU,2022-05-23 06:02:10,-20.0167,148.2333,76.93,68,50,11.83
328,Rio Gallegos,AR,2022-05-23 06:01:28,-51.6226,-69.2181,32.47,90,64,11.9
329,Ossora,RU,2022-05-23 06:02:11,59.2353,163.0719,42.55,81,49,5.68
330,San Joaquin,US,2022-05-23 06:02:12,37.9333,-121.3011,71.85,44,0,11.5
331,Ler,SS,2022-05-23 06:02:13,8.3018,30.1418,84.83,53,79,2.13
332,Coihaique,CL,2022-05-23 05:58:01,-45.5752,-72.0662,35.55,87,100,6.91
333,Petropavlovsk-Kamchatskiy,RU,2022-05-23 06:01:37,53.0452,158.6483,43.39,81,75,4.47
334,Qaqortoq,GL,2022-05-23 06:02:14,60.7167,-46.0333,32.9,91,69,1.32
335,Oranjemund,NA,2022-05-23 06:02:14,-28.55,16.4333,57.13,68,31,6.42
336,Beberibe,BR,2022-05-23 06:02:15,-4.1797,-38.1306,74.35,90,89,7.74
337,Sibu,MY,2022-05-23 06:02:15,2.3,111.8167,97.68,42,40,0.36
338,Puerto Madryn,AR,2022-05-23 06:02:16,-42.7692,-65.0385,45.39,44,14,17.07
339,Richards Bay,ZA,2022-05-23 06:02:16,-28.783,32.0377,64.09,91,100,14.36
340,Khasan,RU,2022-05-23 06:02:17,42.4308,130.6434,60.33,74,10,7.74
341,Chokurdakh,RU,2022-05-23 06:02:17,70.6333,147.9167,34.95,99,100,6.26
342,Nalut,LY,2022-05-23 06:02:18,30.3333,10.85,73.31,9,0,9.04
343,Pochutla,MX,2022-05-23 06:02:19,15.7432,-96.4661,76.82,78,0,2.3
344,Eten,PE,2022-05-23 06:02:19,-6.9081,-79.8642,63.12,89,4,10.92
345,Svobodnyy,RU,2022-05-23 06:02:20,51.4,128.1333,62.69,46,82,18.34
346,Kalmar,SE,2022-05-23 06:02:20,56.6616,16.3616,53.96,68,96,3.0
347,Cabo San Lucas,MX,2022-05-23 05:57:51,22.8909,-109.9124,72.61,70,66,4.0
348,Hokitika,NZ,2022-05-23 06:02:21,-42.7167,170.9667,49.26,75,1,1.21
349,Sulangan,PH,2022-05-23 06:02:21,11.1373,123.7228,84.38,67,96,2.13
350,Laguna,US,2022-05-23 06:02:22,38.421,-121.4238,71.89,51,0,5.75
351,Lensk,RU,2022-05-23 06:02:22,60.7253,114.9278,66.67,40,70,5.1
352,Lavrentiya,RU,2022-05-23 06:02:22,65.5833,-171.0,38.91,76,99,1.21
353,Yulara,AU,2022-05-23 06:02:23,-25.2406,130.9889,74.59,25,100,5.57
354,Novo Aripuana,BR,2022-05-23 06:02:24,-5.1206,-60.3797,74.73,83,80,0.11
355,Pampierstad,ZA,2022-05-23 06:02:25,-27.7832,24.6877,51.51,73,0,3.67
356,Bengkulu,ID,2022-05-23 06:03:26,-3.8004,102.2655,85.1,66,69,7.52
357,Qingquan,CN,2022-05-23 06:03:26,30.4511,115.2559,82.4,52,48,1.25
358,Klaksvik,FO,2022-05-23 06:03:27,62.2266,-6.589,45.52,85,76,12.21
359,George,ZA,2022-05-23 06:03:27,-33.963,22.4617,58.55,55,56,1.14
360,Orlovskiy,RU,2022-05-23 06:03:28,46.8714,42.0592,59.97,70,67,13.49
361,Saint-Michel-Des-Saints,CA,2022-05-23 06:01:29,46.6834,-73.9159,37.94,76,100,8.28
362,Chota,PE,2022-05-23 06:03:29,-6.55,-78.65,50.18,94,18,3.31
363,Road Town,VG,2022-05-23 06:03:29,18.4167,-64.6167,80.69,78,41,15.39
364,Zwedru,LR,2022-05-23 06:03:30,6.0667,-8.1281,70.9,99,100,1.59
365,Paceco,IT,2022-05-23 06:03:30,37.9787,12.5566,67.53,47,1,7.14
366,Hovd,MN,2022-05-23 06:03:31,48.0056,91.6419,79.9,14,32,15.66
367,Iralaya,HN,2022-05-23 06:03:32,15.0,-83.2333,80.13,80,100,17.0
368,Danjiangkou,CN,2022-05-23 06:03:32,32.5428,111.5086,87.75,34,0,6.22
369,Pont-A-Mousson,FR,2022-05-23 06:03:33,48.9079,6.0589,60.19,88,0,10.36
370,Lompoc,US,2022-05-23 06:03:34,34.6391,-120.4579,52.52,76,9,5.01
371,Atikokan,CA,2022-05-23 06:03:34,48.7555,-91.6216,35.22,68,46,4.07
372,Atherton,GB,2022-05-23 06:03:35,53.5237,-2.4935,55.74,89,59,1.99
373,Itarema,BR,2022-05-23 06:03:35,-2.9248,-39.9167,73.92,89,13,7.74
374,Palasa,IN,2022-05-23 06:03:36,18.7667,84.4167,98.69,42,72,8.79
375,Mamou,GN,2022-05-23 06:03:36,10.5,-12.0,69.12,89,100,2.64
376,Karpogory,RU,2022-05-23 06:03:37,64.0019,44.4451,31.35,88,100,15.35
377,San Rafael Del Sur,NI,2022-05-23 06:03:37,11.8485,-86.4384,76.69,82,96,7.63
378,Saint-Georges,GD,2022-05-23 06:03:01,12.0564,-61.7485,78.71,80,100,12.12
379,Trinidad,BO,2022-05-23 06:03:38,-14.8333,-64.9,65.66,97,71,2.28
380,Carauari,BR,2022-05-23 06:03:38,-4.8828,-66.8958,70.56,99,76,0.65
381,Bryan,US,2022-05-23 06:01:55,30.6744,-96.37,66.22,92,100,4.61
382,Ananas,HT,2022-05-23 06:03:39,19.2466,-71.9557,68.86,86,76,0.54
383,Cabedelo,BR,2022-05-23 06:02:31,-6.9811,-34.8339,74.07,90,58,11.41
384,Paamiut,GL,2022-05-23 06:03:40,61.994,-49.6678,32.43,98,100,14.54
385,Kimbe,PG,2022-05-23 06:03:41,-5.5502,150.1429,84.15,77,63,4.23
386,Lazarevac,RS,2022-05-23 06:02:21,44.3853,20.2557,64.24,69,94,1.21
387,Santa Rosa,PH,2022-05-23 06:03:19,14.3122,121.1114,95.11,75,91,3.29
388,Mata,PT,2022-05-23 06:03:43,40.683,-7.4592,57.92,94,99,5.55
389,Bulgan,MN,2022-05-23 06:03:43,48.8125,103.5347,78.21,14,99,11.59
390,Wick,GB,2022-05-23 06:03:44,58.4333,-3.0833,50.05,93,75,5.75
391,Saint-Francois,FR,2022-05-23 06:03:44,46.4154,3.9054,63.84,94,95,4.61
392,Marawi,PH,2022-05-23 06:03:45,7.9986,124.2928,78.03,82,91,3.56
393,Itapipoca,BR,2022-05-23 06:03:45,-3.4944,-39.5786,73.24,87,37,3.18
394,Massakory,TD,2022-05-23 06:03:46,12.996,15.7293,86.59,13,60,13.94
395,Baykit,RU,2022-05-23 06:03:48,61.67,96.37,71.26,30,3,5.84
396,Yantal,RU,2022-05-23 06:03:49,56.8471,105.2542,64.13,34,68,6.17
397,Praia,CV,2022-05-23 06:00:00,14.9215,-23.5087,70.34,78,40,4.61
398,Anloga,GH,2022-05-23 06:03:50,5.7947,0.8973,78.64,80,99,5.26
399,Dunedin,NZ,2022-05-23 06:03:50,-45.8742,170.5036,54.81,50,29,3.0
400,Suntar,RU,2022-05-23 06:03:51,62.1444,117.6319,64.04,43,93,5.26
401,Varhaug,NO,2022-05-23 06:03:52,58.6147,5.6457,53.89,84,100,24.65
402,Batagay-Alyta,RU,2022-05-23 06:03:53,67.8006,130.4114,45.21,55,11,6.29
403,Rawson,AR,2022-05-23 06:04:07,-43.3002,-65.1023,45.68,47,3,18.43
404,Churapcha,RU,2022-05-23 06:04:54,62.0025,132.4325,57.04,35,44,1.99
405,Meulaboh,ID,2022-05-23 06:04:54,4.1363,96.1285,84.63,67,100,3.83
406,Marshall,US,2022-05-23 06:02:22,34.3834,-86.3333,70.72,92,100,0.0
407,Rocha,UY,2022-05-23 06:04:55,-34.4833,-54.3333,46.72,92,52,4.56
408,Behat,IN,2022-05-23 06:04:56,30.1667,77.6167,96.84,21,81,14.79
409,Mabaruma,GY,2022-05-23 06:04:57,8.2,-59.7833,71.71,100,100,0.72
410,Dingle,PH,2022-05-23 06:04:57,10.9995,122.6711,88.99,60,98,6.62
411,Sioux Lookout,CA,2022-05-23 06:02:35,50.1001,-91.917,35.82,78,4,5.37
412,Pitimbu,BR,2022-05-23 06:04:59,-7.4706,-34.8086,73.99,88,48,12.35
413,Barcelos,PT,2022-05-23 06:04:59,41.5388,-8.6151,59.85,88,80,0.69
414,Qianan,CN,2022-05-23 06:05:00,44.9932,124.0581,86.68,16,39,5.73
415,Kastamonu,TR,2022-05-23 06:02:13,41.5,33.6667,57.69,49,75,3.8
416,Boa Viagem,BR,2022-05-23 06:05:00,-5.1275,-39.7322,74.03,71,91,5.73
417,Cuamba,MZ,2022-05-23 06:05:01,-14.8031,36.5372,70.83,60,89,2.44
418,Nago,JP,2022-05-23 06:05:01,26.5881,127.9761,76.05,75,100,13.73
419,Tiksi,RU,2022-05-23 06:05:02,71.6872,128.8694,33.33,94,7,4.36
420,Lata,PT,2022-05-23 06:05:02,40.1629,-8.3327,60.08,98,93,2.51
421,Aksha,RU,2022-05-23 06:05:03,50.2814,113.2867,64.36,49,99,11.14
422,Pandamatenga,BW,2022-05-23 06:05:04,-18.5278,25.627,49.87,52,0,5.88
423,Codrington,AU,2022-05-23 06:05:04,-38.2667,141.9667,62.33,57,0,5.73
424,Mao,ES,2022-05-23 06:05:05,39.8885,4.2658,68.56,94,0,5.75
425,Abatskoye,RU,2022-05-23 06:05:05,56.2875,70.4555,55.49,55,35,19.17
426,Nizhnedevitsk,RU,2022-05-23 06:05:06,51.5419,38.3657,46.67,65,4,12.3
427,High Rock,BS,2022-05-23 06:05:06,26.6208,-78.2833,77.02,77,38,13.53
428,Moron,AR,2022-05-23 06:05:07,-34.6534,-58.6198,56.95,89,80,4.32
429,Sakakah,SA,2022-05-23 06:05:07,29.9697,40.2064,73.45,24,9,19.86
430,Beringovskiy,RU,2022-05-23 06:05:08,63.05,179.3167,41.72,72,94,7.49
431,Key Largo,US,2022-05-23 06:03:25,25.0865,-80.4473,81.0,74,82,17.36
432,Beira,MZ,2022-05-23 06:05:08,-19.8436,34.8389,66.29,82,75,11.5
433,Herat,AF,2022-05-23 06:05:09,34.5,62.0,72.55,17,1,5.57
434,Svetlogorsk,BY,2022-05-23 06:05:09,52.6333,29.7333,50.34,72,97,5.99
435,Garowe,SO,2022-05-23 06:05:10,8.4054,48.4845,88.02,45,98,24.07
436,Sabha,LY,2022-05-23 06:05:10,27.0377,14.4283,75.99,10,25,11.18
437,Greeneville,US,2022-05-23 06:05:11,36.1632,-82.831,68.14,96,75,0.0
438,Smolensk,RU,2022-05-23 06:05:11,55.0,33.0,47.97,50,0,8.39
439,Tucuman,AR,2022-05-23 06:05:12,-26.8241,-65.2226,55.4,76,0,9.22
440,Aravankadu,IN,2022-05-23 06:05:12,11.3667,76.7667,68.22,54,62,1.34
441,Canon City,US,2022-05-23 06:05:13,38.441,-105.2424,46.62,86,100,0.0
442,Edgewater,US,2022-05-23 06:05:14,28.9889,-80.9023,78.03,91,100,9.51
443,Napanee,CA,2022-05-23 06:03:34,44.2501,-76.9494,48.94,87,61,2.53
444,Gombe,NG,2022-05-23 06:05:15,10.2897,11.1673,77.95,72,97,10.49
445,Luganville,VU,2022-05-23 06:05:15,-15.5333,167.1667,81.05,82,42,2.17
446,Somanda,TZ,2022-05-23 06:05:16,-3.3667,33.95,73.54,58,52,4.52
447,Hede,CN,2022-05-23 06:05:17,33.7681,120.2517,87.53,35,20,13.13
448,Clonakilty,IE,2022-05-23 06:05:18,51.6231,-8.8706,50.09,83,100,6.78
449,Villa Maria,AR,2022-05-23 06:05:19,-32.4075,-63.2402,48.81,90,48,7.31
450,Rio Claro,BR,2022-05-23 06:05:19,-22.4114,-47.5614,51.13,82,24,2.64
451,Kiri Buru,IN,2022-05-23 06:05:20,22.0833,85.35,102.72,19,18,7.16
452,Svetlaya,RU,2022-05-23 06:05:21,46.5389,138.3297,48.76,73,55,7.0
453,Dulian,PH,2022-05-23 06:06:21,7.1214,122.1789,82.67,75,98,3.44
454,Bam,IR,2022-05-23 06:06:22,29.106,58.357,85.53,9,0,8.52
455,Singaparna,ID,2022-05-23 06:06:22,-7.3515,108.111,85.39,60,93,3.36
456,Putyatino,RU,2022-05-23 06:06:23,54.16,41.1169,42.46,55,39,10.69
457,Ranong,TH,2022-05-23 06:06:24,9.9658,98.6348,83.26,78,100,12.8
458,Bandarbeyla,SO,2022-05-23 06:06:25,9.4942,50.8122,91.04,51,100,21.09
459,Luderitz,NA,2022-05-23 06:06:26,-26.6481,15.1594,61.61,53,13,6.46
460,Great Falls,US,2022-05-23 06:06:27,47.5002,-111.3008,47.68,49,75,8.05
461,Kharp,RU,2022-05-23 06:06:28,66.8014,65.8081,40.84,80,93,26.06
462,San Quintin,MX,2022-05-23 06:06:28,30.4833,-115.95,58.64,91,4,9.78
463,Hambantota,LK,2022-05-23 06:06:29,6.1241,81.1185,88.14,70,20,16.11
464,Bereda,ES,2022-05-23 06:06:29,43.2686,-7.5406,55.58,98,77,2.64
465,Alekseyevsk,RU,2022-05-23 06:06:30,57.8406,108.3492,61.05,44,67,5.79
466,Balkhash,KZ,2022-05-23 06:06:30,46.844,74.9804,66.81,18,0,6.71
467,Verkhnyaya Inta,RU,2022-05-23 06:06:31,65.9811,60.3094,36.23,89,100,17.45
468,Vegreville,CA,2022-05-23 06:06:08,53.5001,-112.0518,46.98,72,79,8.01
469,Crystal Beach,CA,2022-05-23 06:06:32,42.8699,-79.0583,50.92,92,76,5.99
470,Arcata,US,2022-05-23 06:06:33,40.8665,-124.0828,52.2,86,100,1.01
471,Rolante,BR,2022-05-23 06:06:33,-29.6506,-50.5758,55.35,86,90,2.39
472,Altay,CN,2022-05-23 06:06:34,47.8667,88.1167,78.96,28,69,8.03
473,Tsiroanomandidy,MG,2022-05-23 06:06:34,-18.7667,46.0333,71.13,55,3,5.14
474,Muisne,EC,2022-05-23 06:06:35,0.6,-80.0333,77.25,89,99,11.12
475,Pemangkat,ID,2022-05-23 06:06:35,1.1667,108.9667,86.63,67,19,9.66
476,Corrente,BR,2022-05-23 06:06:36,-3.7367,-43.3394,69.71,98,61,0.83
477,Brownsville,US,2022-05-23 06:06:36,25.9018,-97.4975,76.95,89,75,4.61
478,Pacific Grove,US,2022-05-23 06:06:37,36.6177,-121.9166,55.08,86,100,5.99
479,Desnogorsk,RU,2022-05-23 06:06:37,54.1508,33.2815,48.27,50,2,7.49
480,Ulaanbaatar,MN,2022-05-23 06:06:37,47.9077,106.8832,80.73,12,20,15.66
481,Galveston,US,2022-05-23 06:06:38,29.3669,-94.9669,76.95,84,100,14.83
482,Liepaja,LV,2022-05-23 06:06:39,56.5419,21.0367,48.18,93,0,3.44
483,Corn Island,NI,2022-05-23 06:06:40,12.1694,-83.0418,81.72,78,96,18.3
484,Lincoln,US,2022-05-23 06:02:24,40.8,-96.667,60.71,69,0,11.5
485,Meshchovsk,RU,2022-05-23 06:06:40,54.3244,35.2808,45.59,59,6,7.92
486,Huarmey,PE,2022-05-23 06:06:41,-10.0681,-78.1522,64.09,89,11,7.05
487,Guerrero Negro,MX,2022-05-23 06:06:42,27.9769,-114.0611,59.13,82,0,12.1
488,Vanavara,RU,2022-05-23 06:06:42,60.34,102.2797,69.31,36,7,5.32
489,Grindavik,IS,2022-05-23 06:06:43,63.8424,-22.4338,39.67,100,0,5.75
490,Kudahuvadhoo,MV,2022-05-23 06:06:43,2.6708,72.8944,83.62,73,76,12.53
491,Tignere,CM,2022-05-23 06:06:44,7.3667,12.65,67.42,92,99,2.39
492,Nouadhibou,MR,2022-05-23 06:06:44,20.931,-17.0347,65.01,94,2,18.61
493,Lagoa,PT,2022-05-23 06:06:44,39.05,-27.9833,61.03,93,100,8.03
494,Sinnamary,GF,2022-05-23 06:06:45,5.3833,-52.95,75.69,89,82,3.78
495,Kargasok,RU,2022-05-23 06:06:45,59.0556,80.8572,60.06,39,79,14.56
496,Bemidji,US,2022-05-23 06:06:46,47.4736,-94.8803,42.57,87,75,0.0
497,Pihuamo,MX,2022-05-23 06:06:46,19.2499,-103.3828,68.9,86,1,1.97
498,Vagur,FO,2022-05-23 06:06:14,61.4732,-6.8119,47.43,85,52,11.32
499,Kiruna,SE,2022-05-23 06:07:47,67.8557,20.2251,43.72,81,100,2.3
500,Uruguaiana,BR,2022-05-23 06:06:34,-29.7547,-57.0883,50.45,93,0,6.8
501,Birao,CF,2022-05-23 06:07:48,10.2849,22.7882,87.93,37,91,3.11
502,Lynn Haven,US,2022-05-23 06:07:49,30.2455,-85.6483,77.0,91,100,5.75
503,Safranbolu,TR,2022-05-23 06:07:50,41.2508,32.6942,62.55,65,63,1.41
504,Williston,US,2022-05-23 06:03:59,48.147,-103.618,46.31,67,73,6.73
505,Koutsouras,GR,2022-05-23 06:07:51,35.0339,25.9469,70.11,70,0,1.16
506,Akdepe,TM,2022-05-23 06:07:51,42.0551,59.3788,77.59,22,0,20.78
507,Fort Nelson,CA,2022-05-23 06:07:52,58.8053,-122.7002,41.63,92,100,3.11
508,Lac Du Bonnet,CA,2022-05-23 06:07:52,50.2536,-96.0612,39.0,71,7,6.26
509,Bintulu,MY,2022-05-23 06:07:54,3.1667,113.0333,88.56,62,88,6.71
510,Machico,PT,2022-05-23 06:07:54,32.7,-16.7667,65.71,78,40,8.05
511,Pisco,PE,2022-05-23 06:07:55,-13.7,-76.2167,62.65,82,100,2.3
512,Cubuk,TR,2022-05-23 06:07:55,40.2386,33.0322,60.76,55,40,11.5
513,Muriwai Beach,NZ,2022-05-23 06:07:56,-36.8167,174.45,57.76,73,76,6.78
514,Tumut,AU,2022-05-23 06:07:56,-35.3,148.2167,61.34,64,65,1.41
515,Nantucket,US,2022-05-23 06:07:57,41.2835,-70.0995,60.91,94,100,5.75
516,Sao Joao Da Barra,BR,2022-05-23 06:07:57,-21.6403,-41.0511,68.9,75,26,5.08
517,Nenjiang,CN,2022-05-23 06:07:58,49.1833,125.2167,74.39,34,81,14.5
518,Alpena,US,2022-05-23 06:07:59,45.0617,-83.4327,43.11,84,0,4.61
519,Axim,GH,2022-05-23 06:07:59,4.8699,-2.2405,73.72,92,86,6.29
520,Great Bend,US,2022-05-23 06:08:00,38.3645,-98.7648,55.04,55,75,6.91
521,Borodyanka,UA,2022-05-23 06:08:01,50.6448,29.9201,56.5,67,98,7.09
522,Schiffdorf,DE,2022-05-23 06:08:01,53.5333,8.65,57.25,78,78,11.59
523,Alta Floresta,BR,2022-05-23 06:08:03,-9.8756,-56.0861,62.83,77,2,2.28
524,Eureka,US,2022-05-23 06:04:34,40.8021,-124.1637,52.2,86,97,1.99
525,Santa Marta,CO,2022-05-23 06:08:04,11.2408,-74.199,83.89,68,8,17.0
526,Muncar,ID,2022-05-23 06:08:04,-8.4333,114.3333,86.79,61,21,7.36
527,Katobu,ID,2022-05-23 06:08:05,-4.9408,122.5276,86.77,62,42,6.4
528,Qom,IR,2022-05-23 06:08:05,34.6401,50.8764,79.47,12,0,7.47
529,Jumla,NP,2022-05-23 06:08:06,29.2747,82.1838,62.47,59,44,6.46
530,Koungheul,SN,2022-05-23 06:08:07,13.9833,-14.8,71.33,62,41,6.38
531,Pitanga,BR,2022-05-23 06:08:07,-24.7572,-51.7614,49.12,78,100,3.91
532,Coos Bay,US,2022-05-23 06:08:08,43.3665,-124.2179,54.32,100,100,1.97
533,Sur,OM,2022-05-23 06:08:09,22.5667,59.5289,97.7,39,2,0.83
534,College,US,2022-05-23 06:08:10,64.8569,-147.8028,57.58,36,20,21.85
535,Abu Samrah,SY,2022-05-23 06:08:10,35.3029,37.1841,68.25,52,17,30.69
536,Hanyang,CN,2022-05-23 06:08:12,32.1371,105.5126,73.94,62,91,3.83
537,Dongying,CN,2022-05-23 06:08:12,37.4564,118.4856,93.81,17,22,4.9
538,Bida,NG,2022-05-23 06:03:28,9.0833,6.0167,76.64,85,99,2.95
539,Havre-Saint-Pierre,CA,2022-05-23 06:08:13,50.2334,-63.5986,44.96,100,100,17.27
540,Lanxi,CN,2022-05-23 06:08:14,29.2195,119.477,69.26,82,100,5.26
541,Belyy Yar,RU,2022-05-23 06:08:15,53.6039,91.3903,68.86,72,75,2.24
542,Rozivka,UA,2022-05-23 06:08:16,46.9385,35.7724,53.6,77,94,6.44
543,Czluchow,PL,2022-05-23 06:08:16,53.6672,17.3588,51.76,59,18,3.89
544,Sept-Iles,CA,2022-05-23 06:08:17,50.2001,-66.3821,45.05,84,100,7.0
545,Borogontsy,RU,2022-05-23 06:08:17,62.6683,131.1683,60.06,35,68,1.99
546,Itupiranga,BR,2022-05-23 06:09:18,-5.1347,-49.3267,75.52,96,10,1.45
547,Kampot,KH,2022-05-23 06:09:19,10.6167,104.1833,87.85,87,100,6.87
548,Hobyo,SO,2022-05-23 06:06:16,5.3505,48.5268,85.66,65,93,24.11
549,Maarianhamina,AX,2022-05-23 06:09:19,60.0973,19.9348,53.46,37,0,4.61
550,Tungao,PH,2022-05-23 06:09:20,8.7772,125.5719,84.54,86,40,3.69
551,Ndele,CF,2022-05-23 06:09:20,8.4109,20.6473,79.36,61,61,6.85
552,Sabla,NG,2022-05-23 06:09:21,12.7525,4.7077,84.4,53,99,12.73
553,Rawah,IQ,2022-05-23 06:09:21,34.4816,41.9093,74.19,31,42,20.87
554,Manta,EC,2022-05-23 06:09:22,-0.95,-80.7333,74.98,88,100,8.05
555,Tadine,NC,2022-05-23 06:09:22,-21.55,167.8833,76.78,86,8,7.72
556,Todos Santos,MX,2022-05-23 06:09:23,23.45,-110.2167,67.05,90,53,7.36
557,Coahuayana,MX,2022-05-23 06:09:23,18.7333,-103.6833,74.62,83,35,0.13
